user,genuine,score
s032,True,-127.89164607232698
s032,True,-121.75189318938013
s032,True,-106.43262369490081
s032,True,-110.81935848428084
s032,True,-106.62425954176292
s032,True,-105.35555335969205
s032,True,-103.53284302890334
s032,True,-120.59473384606306
s032,True,-102.65411328244979
s032,True,-118.15398283188148
s032,True,-101.45398848135245
s032,True,-102.69301556916669
s032,True,-100.95973963403507
s032,True,-104.1469708206933
s032,True,-122.40113020363032
s032,True,-98.39801258408733
s032,True,-102.38389047777586
s032,True,-99.86031386216858
s032,True,-103.05088619475191
s032,True,-104.86333146663043
s032,True,-102.52250265333097
s032,True,-104.80343500589099
s032,True,-99.16075185848453
s032,True,-99.99646587820864
s032,True,-100.47055776912991
s032,True,-101.93453767590935
s032,True,-100.95418075808139
s032,True,-97.55605069926474
s032,True,-99.49123201721952
s032,True,-108.7466610740456
s032,True,-102.01474906475798
s032,True,-101.27094229723589
s032,True,-97.21045821901448
s032,True,-101.62465938637911
s032,True,-100.63387975381792
s032,True,-110.42259743385108
s032,True,-105.67259406802506
s032,True,-101.60644580909566
s032,True,-102.75728838929055
s032,True,-105.72596942667744
s032,True,-108.64653993672837
s032,True,-101.22998423442414
s032,True,-97.82459034866274
s032,True,-102.9873697122655
s032,True,-112.46233603823819
s032,True,-108.55049567105533
s032,True,-99.73539932411137
s032,True,-115.66768396124391
s032,True,-101.42040882374444
s032,True,-97.0937903535372
s032,True,-117.54874899541655
s032,True,-112.09269797972334
s032,True,-105.01255781104469
s032,True,-100.67719028685148
s032,True,-98.87195595379875
s032,True,-109.9573204821544
s032,True,-101.56174395141467
s032,True,-118.83256019602331
s032,True,-98.89771058375385
s032,True,-107.553705142366
s032,True,-106.60753864608729
s032,True,-99.76300992281493
s032,True,-102.67956608748072
s032,True,-101.94355155485124
s032,True,-96.7001251943829
s032,True,-98.14269156151191
s032,True,-100.25176620903903
s032,True,-105.80401952279794
s032,True,-96.90885778778467
s032,True,-109.77358680391987
s032,True,-102.60867512246931
s032,True,-104.71450751450563
s032,True,-119.55475745340411
s032,True,-100.00944714349028
s032,True,-100.84175908654846
s032,True,-101.61627272675597
s032,True,-106.655125993614
s032,True,-98.5140539738176
s032,True,-102.52804410968416
s032,True,-115.86041119929924
s032,True,-107.4946874316664
s032,True,-103.61530049494642
s032,True,-103.25816817423129
s032,True,-101.70609477599731
s032,True,-102.35013581570381
s032,True,-101.80428090272949
s032,True,-97.77414422177876
s032,True,-100.93469431479818
s032,True,-100.37762899015557
s032,True,-105.67608526006528
s032,True,-99.26658317968486
s032,True,-115.48423277223384
s032,True,-103.84405320632072
s032,True,-112.66081346987588
s032,True,-114.65922007676099
s032,True,-104.4654654794119
s032,True,-109.72929634430265
s032,True,-111.22168855356246
s032,True,-103.88386717036131
s032,True,-102.28697347814519
s032,True,-97.73553501124734
s032,True,-103.34287738176961
s032,True,-98.63200561111198
s032,True,-104.72345329175955
s032,True,-101.9262532622831
s032,True,-98.23976751807935
s032,True,-100.19741068285272
s032,True,-105.19166983320936
s032,True,-115.43501086754459
s032,True,-100.62660232532173
s032,True,-101.85383158278566
s032,True,-118.93758370614535
s032,True,-101.48339718807483
s032,True,-100.529670572266
s032,True,-116.88261733323597
s032,True,-99.0551301752653
s032,True,-108.19325577205623
s032,True,-98.15740130706322
s032,True,-98.3959566834891
s032,True,-104.77906839942902
s032,True,-125.07605505555227
s032,True,-102.23243505506214
s032,True,-105.04044804549568
s032,True,-99.97521360552038
s032,True,-105.53001298500605
s032,True,-104.1562356628576
s032,True,-104.77024524790784
s032,True,-108.58643497055651
s032,True,-101.58318410450421
s032,True,-111.35618017823678
s032,True,-102.15034321488388
s032,True,-105.9158159718239
s032,True,-106.18280470291513
s032,True,-109.64065018619453
s032,True,-103.38749454326363
s032,True,-127.47176644758565
s032,True,-104.6243097180395
s032,True,-102.45745980575724
s032,True,-107.92326458276155
s032,True,-109.03783633239188
s032,True,-105.27260337467942
s032,True,-108.42094639304938
s032,True,-107.02438579883075
s032,True,-104.63824838467711
s032,True,-117.13761727761525
s032,True,-109.80771685673854
s032,True,-114.68324898313915
s032,True,-99.50233220785516
s032,True,-99.3703919832813
s032,True,-115.1129801908173
s032,True,-100.69340864210966
s032,True,-99.83659759301052
s032,True,-98.42797116357751
s032,True,-96.81456286207133
s032,True,-104.02195293176274
s032,True,-104.11860910125284
s032,True,-101.27367513261368
s032,True,-121.28903596222854
s032,True,-117.12521014073188
s032,True,-100.96738932134427
s032,True,-97.9542020620742
s032,True,-100.58187888232231
s032,True,-99.7777526767286
s032,True,-107.36362558270477
s032,True,-110.46003686489107
s032,True,-115.83452446285894
s032,True,-97.80214208585166
s032,True,-98.39107793054538
s032,True,-105.00863222954557
s032,True,-99.87520265218153
s032,True,-130.4584111284035
s032,True,-98.67499823806344
s032,True,-118.56223204782145
s032,True,-114.83804690322152
s032,True,-102.51221258906521
s032,True,-109.81337854365543
s032,True,-103.67600644284012
s032,True,-106.74490147305073
s032,True,-106.13443424833682
s032,True,-106.60113871256505
s032,True,-99.37498491697549
s032,True,-105.51629815558358
s032,True,-103.38956550451279
s032,True,-101.23551838485982
s032,True,-108.58219327954518
s032,True,-102.88573553031995
s032,True,-103.27313365989856
s032,True,-101.1146394458621
s032,True,-111.14393005538325
s032,True,-101.28793111281318
s032,True,-99.06572203515407
s032,True,-103.79417030978664
s032,True,-116.72456723059247
s032,True,-111.79157166296865
s032,True,-115.99212289248386
s032,True,-102.60678563096167
s032,True,-116.8516373041771
s032,True,-105.64256398686945
s032,True,-107.93150929907243
s032,True,-111.1181073259119
s032,True,-108.93805945497087
s032,True,-112.7844541045394
s032,True,-111.3497834068676
s032,True,-102.80299189944631
s032,True,-102.86705686000488
s032,True,-122.13254380279515
s032,True,-108.8263455704318
s032,True,-100.6872570840057
s032,True,-124.35798772675201
s032,True,-105.39916872781438
s032,True,-113.59436821091863
s032,True,-110.20612300021092
s032,True,-122.31338902040783
s032,True,-116.23659793096309
s032,True,-122.29661570537537
s032,True,-104.59255713310668
s032,True,-107.434231318315
s032,True,-100.75071526573454
s032,True,-130.21318802775144
s032,True,-103.15207548889396
s032,True,-104.86634732747955
s032,True,-100.41220492533463
s032,True,-110.52954308798927
s032,True,-100.09590758465431
s032,True,-104.20261774884167
s032,True,-107.30456471683775
s032,True,-105.08812415695729
s032,True,-116.57335112827539
s032,True,-115.01648727328799
s032,True,-111.79163758925225
s032,True,-108.79899252671908
s032,True,-104.94782217544991
s032,True,-111.38351903498958
s032,True,-117.6722861169567
s032,True,-117.49582829620115
s032,True,-115.72466112307025
s032,True,-108.07225498189835
s032,True,-113.86200472489763
s032,True,-124.317875720185
s032,True,-116.76795272344455
s032,True,-111.70291545769568
s032,True,-108.99389429201395
s032,True,-113.87582078406838
s032,True,-109.68940463834592
s032,True,-111.83738057905191
s032,True,-106.21219241784391
s032,True,-114.72914937463004
s032,True,-111.87098830648696
s032,True,-98.9745470524731
s032,True,-106.4900924172328
s032,True,-129.14238189802774
s032,True,-118.59377588192496
s032,True,-134.56324311689434
s032,True,-111.96673380946918
s032,True,-112.58868274149746
s032,True,-125.74689846576884
s032,True,-123.67587624256925
s032,True,-118.55373467195453
s032,True,-118.40285453587231
s032,True,-127.81387295553276
s032,True,-130.2046058655004
s032,True,-129.7696038009832
s032,True,-115.53146969324547
s032,True,-107.25038879738901
s032,True,-112.44857389433568
s032,True,-104.04084917163702
s032,True,-121.68385012497336
s032,True,-113.38903156967555
s032,True,-123.03907110225796
s032,True,-122.58605641625915
s032,True,-123.44261399714
s032,True,-114.0145743663291
s032,True,-106.39306862399904
s032,True,-125.27354444488357
s032,True,-108.61191709872432
s032,True,-110.3795115762366
s032,True,-116.16202935021914
s032,True,-112.62881790005011
s032,True,-118.57299777012202
s032,True,-142.29733332020604
s032,True,-136.33825888725985
s032,True,-124.55639909843191
s032,True,-120.41304633909036
s032,True,-131.61710381808436
s032,True,-114.88717161844764
s032,True,-121.67066713965505
s032,True,-121.60332886944738
s032,True,-117.39543207518636
s032,True,-107.51242176721176
s032,True,-124.77795181120702
s032,True,-113.05264009033336
s032,True,-118.76588319022156
s032,True,-121.47568383098658
s032,True,-126.98346055622422
s032,True,-120.94262010081562
s032,True,-113.63742833912835
s032,True,-127.54373889812334
s032,True,-123.58833560416853
s032,True,-116.53425186087907
s032,True,-115.88906576307583
s032,True,-110.28335606678564
s032,True,-108.09495405281747
s032,True,-114.73301126954044
s032,True,-125.86565173482539
s032,True,-113.31099192021505
s032,True,-115.60191655065448
s032,True,-116.5795153727508
s032,True,-113.08981917330549
s032,True,-121.71006745917661
s032,True,-115.57706046849752
s032,True,-121.514225648424
s032,True,-122.80576708029845
s032,True,-117.9216268249859
s032,True,-115.1109074096007
s032,True,-124.84865111130627
s032,True,-119.14504807132971
s032,True,-116.79230930200856
s032,True,-114.36231964442852
s032,True,-125.85494525810223
s032,True,-127.99705863932877
s032,True,-122.4026335573051
s032,True,-128.64660969315116
s032,True,-123.64289825760207
s032,True,-116.73605574946707
s032,True,-114.59212112843186
s032,True,-132.60492355601656
s032,True,-139.78786999364726
s032,True,-121.63699388097282
s032,True,-137.42079353482808
s032,True,-125.6725532750564
s032,True,-124.75115629600332
s032,True,-130.24809317545788
s032,True,-122.22054033615572
s032,True,-129.83275795854414
s032,True,-141.77886453329097
s032,True,-129.4022160262642
s032,True,-132.80149445317446
s032,True,-122.0126803143625
s032,True,-119.85224031988975
s032,True,-131.30476448369163
s032,True,-133.39363466296408
s032,True,-139.117236235252
s032,True,-133.88870029483925
s032,True,-131.40772189335038
s032,True,-128.41689257709334
s032,True,-142.1250654024268
s032,True,-132.2861975211014
s032,True,-148.62617632328414
s032,True,-135.81408842469676
s032,True,-141.11711802234453
s032,True,-111.53665690944781
s032,True,-114.61597738048756
s032,True,-109.45235002770667
s032,True,-110.52287523279294
s032,True,-109.94127712746543
s032,True,-113.27306254850265
s032,True,-113.41395352511056
s032,True,-109.7983998280086
s032,True,-118.19828866141187
s032,True,-112.9108846424792
s032,True,-123.99453465263717
s032,True,-115.89821267077913
s032,True,-115.68056648596327
s032,True,-122.94264370714919
s032,True,-112.30217819822381
s032,True,-109.23225357839601
s032,True,-110.22346634870864
s032,True,-116.22137473283016
s032,True,-115.4180336336492
s032,True,-116.31991153895393
s032,True,-118.30307262163163
s032,True,-116.26366460453815
s032,True,-109.21465829730501
s032,True,-116.6125927702148
s032,True,-130.48807090176328
s032,True,-111.08860697199943
s032,True,-123.4833913633824
s032,True,-119.47418870566628
s032,True,-115.60264375233908
s032,True,-125.88179783692028
s032,True,-120.50594408469985
s032,True,-121.50924063352022
s032,True,-122.25400770031969
s032,True,-127.4708789689163
s032,True,-121.39040306477006
s032,True,-128.083680450417
s032,True,-117.75635826474985
s032,True,-116.3082089094344
s032,True,-116.88005741329948
s032,True,-119.55368282476378
s032,True,-111.68854221540444
s032,True,-117.19297569593779
s032,True,-118.20766424443892
s032,True,-123.27126131958939
s032,True,-134.19454015451535
s032,True,-105.70098408500606
s032,True,-135.98661041492676
s032,True,-127.56544761160455
s032,True,-122.254809510275
s032,True,-125.98133230546942
s032,False,-122.39193329762968
s032,False,-119.78321380303831
s032,False,-114.61908378016565
s032,False,-118.08539528703913
s032,False,-131.82881065154785
s032,False,-125.15898253818817
s032,False,-126.43462377447455
s032,False,-127.57589125905476
s032,False,-127.74497452034835
s032,False,-117.08476175172866
s032,False,-123.92921839801478
s032,False,-127.09784376228811
s032,False,-130.1928232617343
s032,False,-132.97781848820867
s032,False,-130.46616472315438
s032,False,-119.00452687969796
s032,False,-113.0195819105074
s032,False,-118.68707648113896
s032,False,-127.31999113353959
s032,False,-115.24191488111431
s032,False,-119.51512153615506
s032,False,-126.0519266033625
s032,False,-117.76025254326453
s032,False,-123.30055635295304
s032,False,-109.44246691655663
s032,False,-115.139465409282
s032,False,-114.99674954726233
s032,False,-112.86665653758067
s032,False,-118.91373356255538
s032,False,-109.51750166219155
s032,False,-118.08089031390477
s032,False,-123.21785754899608
s032,False,-120.32786197815287
s032,False,-120.3502115311906
s032,False,-111.69918933452179
s032,False,-118.6013524651455
s032,False,-117.18165454034292
s032,False,-125.91418101685345
s032,False,-129.07463183040772
s032,False,-123.50469247897354
s032,False,-129.46904981480293
s032,False,-112.3693682908781
s032,False,-113.25734621877469
s032,False,-121.5265899267271
s032,False,-126.99934629385122
s032,False,-118.74537019793246
s032,False,-119.54539211975103
s032,False,-121.58426321913822
s032,False,-113.94678939823534
s032,False,-116.75742868769414
s032,False,-161.5358845176531
s032,False,-133.9433991523865
s032,False,-134.99976832893984
s032,False,-132.13902347969452
s032,False,-134.28293704124928
s032,False,-124.20505175851727
s032,False,-126.66088221622482
s032,False,-107.01506606707878
s032,False,-124.160540198242
s032,False,-118.99805508074175
s032,False,-110.87155959830642
s032,False,-128.28922960913036
s032,False,-123.2990668994323
s032,False,-104.57756115619335
s032,False,-112.67325846628633
s032,False,-115.61161658037832
s032,False,-106.37830031635833
s032,False,-104.50772757484577
s032,False,-129.19161605212528
s032,False,-115.4514506368621
s032,False,-122.96564509615872
s032,False,-113.44645811465455
s032,False,-111.1094926082651
s032,False,-114.96791171884794
s032,False,-107.78646592509548
s032,False,-118.00362915283458
s032,False,-108.78539834360609
s032,False,-103.78989485620605
s032,False,-112.47611413668373
s032,False,-111.19012163024541
s032,False,-115.62169123122784
s032,False,-113.86740704755786
s032,False,-105.76103237673085
s032,False,-104.59281681710272
s032,False,-104.82668915168492
s032,False,-109.83946704301734
s032,False,-108.3431935854027
s032,False,-106.44521704286439
s032,False,-108.02700569307234
s032,False,-110.0436428517374
s032,False,-104.92659014497407
s032,False,-106.61084057363291
s032,False,-104.55000912070906
s032,False,-106.08733142701091
s032,False,-111.78636210513093
s032,False,-108.01904834520637
s032,False,-110.4319976005539
s032,False,-106.31439746560986
s032,False,-112.71172116440786
s032,False,-109.55925798628411
s032,False,-142.9998480731382
s032,False,-134.52586477359236
s032,False,-132.12745018113606
s032,False,-122.22352208035626
s032,False,-118.96722182310015
s032,False,-118.45286170824352
s032,False,-131.1826883707729
s032,False,-109.12797865263714
s032,False,-123.73791345254703
s032,False,-115.75288336473464
s032,False,-110.47092696779102
s032,False,-118.31898308289404
s032,False,-115.5893511336906
s032,False,-111.04919529049859
s032,False,-110.1084533531236
s032,False,-114.24010175118676
s032,False,-119.223530312934
s032,False,-115.79240135146736
s032,False,-111.40608623053461
s032,False,-113.02392656890017
s032,False,-116.26979006463561
s032,False,-107.63829298316394
s032,False,-112.87774504918201
s032,False,-112.63539579910105
s032,False,-110.61525666169156
s032,False,-111.4467551019419
s032,False,-124.44761713399146
s032,False,-113.29716303491323
s032,False,-131.5881280584898
s032,False,-109.50086641765654
s032,False,-108.18265658513197
s032,False,-112.55133968521838
s032,False,-113.3414132643457
s032,False,-109.86726292804083
s032,False,-108.6345431573619
s032,False,-112.82950204775081
s032,False,-113.40844614747196
s032,False,-111.00208297810228
s032,False,-118.69944153134486
s032,False,-118.69701030240462
s032,False,-116.08868077012549
s032,False,-110.26763851341254
s032,False,-107.93907437261203
s032,False,-109.43335946380002
s032,False,-113.96858587382972
s032,False,-116.04075224460125
s032,False,-107.52727955610473
s032,False,-116.99213570066684
s032,False,-110.99189708831663
s032,False,-113.60513530707931
s032,False,-157.63798033871228
s032,False,-148.38807318218528
s032,False,-144.30646857334966
s032,False,-137.29783858167877
s032,False,-147.82820216038903
s032,False,-136.64987398199168
s032,False,-136.22553435076935
s032,False,-137.8466594227605
s032,False,-145.79246819318692
s032,False,-148.26521734112325
s032,False,-156.52165222602127
s032,False,-156.22567343199077
s032,False,-153.5311478837007
s032,False,-127.64531985085867
s032,False,-139.43137935235308
s032,False,-142.36752721531147
s032,False,-136.6739431813314
s032,False,-147.2671471482963
s032,False,-127.58325844957737
s032,False,-127.90180905574996
s032,False,-137.04472935410047
s032,False,-135.46270237289784
s032,False,-126.62923715818634
s032,False,-133.88379273373985
s032,False,-141.29747060104236
s032,False,-128.0314649950416
s032,False,-119.00332612299968
s032,False,-127.71380478970366
s032,False,-122.86110530834642
s032,False,-125.61489589899841
s032,False,-137.4560206861845
s032,False,-140.70203362530438
s032,False,-144.80939110124316
s032,False,-119.89640558626093
s032,False,-141.98655580199429
s032,False,-122.64878597078126
s032,False,-138.686951849191
s032,False,-134.2898684065243
s032,False,-119.35883524470285
s032,False,-138.45136835954156
s032,False,-140.5194077344204
s032,False,-152.6273803136308
s032,False,-138.1301708288177
s032,False,-156.7649910332764
s032,False,-136.54623344525476
s032,False,-152.14814168870961
s032,False,-149.22683812961958
s032,False,-143.78658315709077
s032,False,-138.849235109055
s032,False,-141.3485343427511
s032,False,-116.24439306395018
s032,False,-130.03502639341133
s032,False,-117.78873975050493
s032,False,-112.4444715697907
s032,False,-111.28145211913602
s032,False,-109.98669104119804
s032,False,-110.39141013574374
s032,False,-106.61992418688175
s032,False,-110.18957008186267
s032,False,-113.89801023690725
s032,False,-114.91901155838163
s032,False,-112.28731741013803
s032,False,-116.27598395497711
s032,False,-117.23720565640983
s032,False,-125.84157037464558
s032,False,-115.77907666932994
s032,False,-117.44269601959208
s032,False,-115.29373068168282
s032,False,-106.50079353336801
s032,False,-119.11785627442903
s032,False,-115.15248949273693
s032,False,-107.42996375177341
s032,False,-112.2473433257769
s032,False,-116.43277418090001
s032,False,-125.62328404694654
s032,False,-115.1077919653721
s032,False,-112.77069155232637
s032,False,-111.82591244990881
s032,False,-109.95920195532103
s032,False,-113.4614809601534
s032,False,-110.7457564887328
s032,False,-116.17218805374472
s032,False,-115.70791380385052
s032,False,-112.09281088502267
s032,False,-110.935826349441
s032,False,-110.09120274751541
s032,False,-114.4548929437888
s032,False,-107.82325480007906
s032,False,-120.13384625056314
s032,False,-115.20242681715631
s032,False,-114.49855356031925
s032,False,-114.84886849692411
s032,False,-111.95775458626525
s032,False,-110.19921042571805
s032,False,-111.95166475444545
s032,False,-108.1874864064037
s032,False,-115.88048543882496
s032,False,-106.08047099339774
s032,False,-111.56795033472562
s032,False,-115.37075236684447
s032,False,-160.041662852972
s032,False,-162.4460284501953
s032,False,-156.09175512441118
s032,False,-146.6139437466524
s032,False,-142.38883021740205
s032,False,-145.27669105808687
s032,False,-141.9521514659358
s032,False,-146.62315617457006
s032,False,-149.49139571549904
s032,False,-145.18435869041173
s032,False,-142.90059094754446
s032,False,-150.2081004387891
s032,False,-146.1396353967387
s032,False,-139.62268491409435
s032,False,-150.6788759949273
s032,False,-145.5209959135778
s032,False,-144.42649474272974
s032,False,-147.4087805513478
s032,False,-148.30220221917415
s032,False,-144.63327113022245
s032,False,-148.4216701558103
s032,False,-154.2663060321024
s032,False,-153.1210070728973
s032,False,-149.6186673110551
s032,False,-144.7585583332144
s032,False,-154.21021104467277
s032,False,-152.14011041188039
s032,False,-138.09478355441956
s032,False,-137.6196182763736
s032,False,-140.42375809976525
s032,False,-141.46970206146463
s032,False,-150.90148053156716
s032,False,-144.3132371181323
s032,False,-140.27001994699316
s032,False,-163.30872752561586
s032,False,-150.82747664301584
s032,False,-161.17968778841444
s032,False,-168.9797611158471
s032,False,-154.36039652326104
s032,False,-149.75597180242903
s032,False,-157.7917755904075
s032,False,-161.91671565518175
s032,False,-160.9634370844608
s032,False,-151.64318084457346
s032,False,-159.13619975583094
s032,False,-152.5763849661974
s032,False,-158.70003311563028
s032,False,-153.8986473144368
s032,False,-151.41437915463544
s032,False,-157.4335528214386
s032,False,-127.0828409565436
s032,False,-104.9068524500557
s032,False,-121.07567979741074
s032,False,-118.56397594777327
s032,False,-120.13452504823762
s032,False,-111.59502148349719
s032,False,-115.32144742740091
s032,False,-117.82251043175523
s032,False,-115.31823171341834
s032,False,-108.48683615253191
s032,False,-117.63018666108218
s032,False,-116.0871064518391
s032,False,-111.47388037984334
s032,False,-118.34708251790713
s032,False,-111.8077439916171
s032,False,-113.56620044517334
s032,False,-105.31928325103556
s032,False,-116.69669278014493
s032,False,-113.16295877168142
s032,False,-109.58286025697396
s032,False,-107.9369849484728
s032,False,-107.25414281697732
s032,False,-118.25435638789973
s032,False,-128.58342497115953
s032,False,-120.78257151691372
s032,False,-113.88706263726945
s032,False,-114.0687245612417
s032,False,-108.45166464034615
s032,False,-109.24452654110681
s032,False,-111.42770449542344
s032,False,-109.55735844626072
s032,False,-112.83921515996549
s032,False,-118.62065699437198
s032,False,-120.51054594518197
s032,False,-112.35079539193049
s032,False,-125.75930181606434
s032,False,-110.70141504306609
s032,False,-109.15734844461166
s032,False,-112.27116174842041
s032,False,-110.49565153447939
s032,False,-113.62753977175157
s032,False,-112.99855846732659
s032,False,-114.88420779339839
s032,False,-106.82189626444293
s032,False,-111.94503557747564
s032,False,-113.26494310519112
s032,False,-108.29600964536628
s032,False,-115.12931660034425
s032,False,-115.2560922039703
s032,False,-129.63779370725743
s032,False,-127.63531264680915
s032,False,-133.63016040293718
s032,False,-125.18546415280221
s032,False,-136.5038627058803
s032,False,-123.70848438701547
s032,False,-126.18086369196027
s032,False,-135.31079427274074
s032,False,-118.80346587411053
s032,False,-134.10114163158389
s032,False,-119.51105211269483
s032,False,-127.44210014310342
s032,False,-113.48108813892844
s032,False,-122.08355191000798
s032,False,-124.86533516182622
s032,False,-123.45036842407328
s032,False,-115.38727057859934
s032,False,-122.42307600435113
s032,False,-127.3162299287683
s032,False,-126.54129272799271
s032,False,-119.49433171975662
s032,False,-120.10633752458772
s032,False,-119.64635710719189
s032,False,-123.03077896172474
s032,False,-123.05600380363916
s032,False,-129.08788343215852
s032,False,-124.63509936135573
s032,False,-122.14246692678876
s032,False,-133.4182009843469
s032,False,-120.72156899628793
s032,False,-122.38268370863746
s032,False,-132.0779629368923
s032,False,-121.35423115585606
s032,False,-121.59772102759575
s032,False,-121.42333241879945
s032,False,-120.67211732542894
s032,False,-127.26341132356286
s032,False,-121.6158997252963
s032,False,-124.79955712932377
s032,False,-116.25062181591309
s032,False,-124.35226959703898
s032,False,-122.85249284070565
s032,False,-115.86074739832885
s032,False,-123.96229216571038
s032,False,-124.2060684926666
s032,False,-118.17463105668544
s032,False,-126.94642476744116
s032,False,-122.11221179776493
s032,False,-120.63097407618476
s032,False,-127.63215375485616
s032,False,-122.4181614370937
s032,False,-162.2243143354042
s032,False,-171.317087662553
s032,False,-168.39158865819684
s032,False,-159.77874826299447
s032,False,-146.53584002703911
s032,False,-163.59847482821715
s032,False,-153.81609988475697
s032,False,-157.76574891915658
s032,False,-152.03552017326209
s032,False,-145.10995805184314
s032,False,-146.9627884724886
s032,False,-156.63302185090927
s032,False,-133.17716635915437
s032,False,-132.3633695565266
s032,False,-137.91680850036173
s032,False,-130.75757866896137
s032,False,-134.9812315307043
s032,False,-140.65079406317875
s032,False,-134.68713870476674
s032,False,-126.20628783897813
s032,False,-134.2323769618053
s032,False,-125.2226474536849
s032,False,-133.3053274074358
s032,False,-143.842468302873
s032,False,-130.88732045059
s032,False,-125.6220387704824
s032,False,-137.4960008272632
s032,False,-133.49428642096692
s032,False,-136.46432845890584
s032,False,-132.51746341950295
s032,False,-137.04751241805107
s032,False,-131.64866420296173
s032,False,-133.15449610794877
s032,False,-137.54135030645912
s032,False,-129.95206206109893
s032,False,-131.92197472331915
s032,False,-128.46094556876875
s032,False,-138.7182551253663
s032,False,-130.71801921917083
s032,False,-130.90963359492383
s032,False,-131.9923660157813
s032,False,-135.1110733088451
s032,False,-125.87605892862003
s032,False,-130.7793185555408
s032,False,-135.17844609214134
s032,False,-140.90440509018705
s032,False,-134.4796780141659
s032,False,-141.26668916097705
s032,False,-142.06618836666757
s032,False,-138.289427380699
s032,False,-110.66072437240648
s032,False,-111.6194030077421
s032,False,-121.66114288665075
s032,False,-108.47006524465615
s032,False,-117.11253380775759
s032,False,-108.70449880636136
s032,False,-107.35681236852265
s032,False,-111.7575257373408
s032,False,-111.69830171478692
s032,False,-113.05579309131639
s032,False,-103.49016434542786
s032,False,-111.23756187225482
s032,False,-114.81198986463771
s032,False,-108.64478846158808
s032,False,-107.95537283509704
s032,False,-104.72537214951755
s032,False,-108.16057136880299
s032,False,-104.99161037099873
s032,False,-112.9111602432299
s032,False,-108.67420084282026
s032,False,-111.81213800696965
s032,False,-113.70816400623144
s032,False,-119.64324021456133
s032,False,-110.41121207784015
s032,False,-111.24825510508735
s032,False,-113.3877516338109
s032,False,-121.19865011970771
s032,False,-114.80491211343217
s032,False,-110.66913130047624
s032,False,-113.172524106353
s032,False,-111.67292344337488
s032,False,-118.06359356097923
s032,False,-113.542055282099
s032,False,-114.96558467932445
s032,False,-110.75279977409024
s032,False,-115.90469838936616
s032,False,-111.33896000825625
s032,False,-125.44722115977373
s032,False,-106.60499679030048
s032,False,-111.31694099832917
s032,False,-121.24098154443067
s032,False,-114.15446055511511
s032,False,-111.07032901393623
s032,False,-118.36604557584178
s032,False,-108.65766580308309
s032,False,-118.13614801296815
s032,False,-115.05523508528017
s032,False,-128.71922729624407
s032,False,-117.42551072040897
s032,False,-117.51898333729827
s032,False,-158.37292288314492
s032,False,-146.78446745981822
s032,False,-150.6916199327172
s032,False,-150.0447800058542
s032,False,-125.02913504353167
s032,False,-140.80920102204536
s032,False,-128.5128462493019
s032,False,-113.1821067293254
s032,False,-115.9085949405858
s032,False,-114.99637826769019
s032,False,-109.9233247686819
s032,False,-130.10223676916905
s032,False,-129.90982732555594
s032,False,-120.918117076914
s032,False,-115.12251929442111
s032,False,-126.28945329425267
s032,False,-131.14300857533482
s032,False,-111.65987874865414
s032,False,-135.49899649498423
s032,False,-132.8169894120061
s032,False,-120.63166021317929
s032,False,-121.88642901411869
s032,False,-120.203338428112
s032,False,-122.05621139476551
s032,False,-129.18482381061128
s032,False,-129.12732919117886
s032,False,-127.64638995283123
s032,False,-141.49364069428913
s032,False,-134.2522230218954
s032,False,-123.84530229496272
s032,False,-128.7750631996472
s032,False,-138.38419997057355
s032,False,-118.25870662336827
s032,False,-131.87816084667867
s032,False,-122.19042029490987
s032,False,-131.83805051577352
s032,False,-117.67019230477375
s032,False,-130.6257478667696
s032,False,-134.38356400506717
s032,False,-140.89746010619467
s032,False,-148.24082299303
s032,False,-140.02075430574786
s032,False,-130.20521299183665
s032,False,-132.62559555194102
s032,False,-123.44269777713862
s032,False,-127.54668387171773
s032,False,-117.45373738952647
s032,False,-125.25531840332022
s032,False,-127.20125009731308
s032,False,-126.47136893233314
s032,False,-197.99923916380703
s032,False,-165.13707530184948
s032,False,-175.320637043618
s032,False,-160.33029085738002
s032,False,-169.0230571135405
s032,False,-182.091613647412
s032,False,-189.8272316144299
s032,False,-183.1880182016798
s032,False,-173.0093211070125
s032,False,-175.23408547402383
s032,False,-182.57399438848933
s032,False,-178.65713377970118
s032,False,-176.31450931899397
s032,False,-181.62788440082622
s032,False,-171.07839889989356
s032,False,-165.81173972611825
s032,False,-153.61460281692325
s032,False,-165.30199184910632
s032,False,-170.88386245170997
s032,False,-161.65016574704498
s032,False,-162.3588433405
s032,False,-156.1242775255622
s032,False,-156.38253547579404
s032,False,-168.41502300759961
s032,False,-164.1557208071381
s032,False,-169.11340942335025
s032,False,-175.89311984449546
s032,False,-160.52378567563787
s032,False,-172.35199991117588
s032,False,-194.8196253582095
s032,False,-168.61302819067745
s032,False,-169.00717008914836
s032,False,-163.6243877897649
s032,False,-174.55141878145923
s032,False,-171.44481461407443
s032,False,-178.65643441426644
s032,False,-180.8988995923089
s032,False,-175.2244302465577
s032,False,-177.20649601818636
s032,False,-178.42477052595845
s032,False,-178.09387863081966
s032,False,-181.4183873572202
s032,False,-167.3862071426494
s032,False,-150.41278723921943
s032,False,-169.18333887847442
s032,False,-163.02696874067377
s032,False,-162.23898744068603
s032,False,-160.43622049687093
s032,False,-156.67143695349813
s032,False,-163.99310175399873
s032,False,-161.48025860244724
s032,False,-169.95056087003059
s032,False,-166.6958107725884
s032,False,-134.08530253228983
s032,False,-162.62290012180313
s032,False,-149.89475752119378
s032,False,-139.41967710900258
s032,False,-140.8779557902171
s032,False,-136.19870844983572
s032,False,-143.95774881003516
s032,False,-158.93697266218058
s032,False,-132.78227504702474
s032,False,-134.01929575701772
s032,False,-136.63722975554654
s032,False,-137.2801677871726
s032,False,-126.12598086498043
s032,False,-127.22764130963692
s032,False,-134.5730903012862
s032,False,-146.3964974062948
s032,False,-137.72066396292885
s032,False,-134.65531580640746
s032,False,-116.78666187379051
s032,False,-127.13168177624341
s032,False,-123.37863590069087
s032,False,-126.40166868234277
s032,False,-129.63651228015362
s032,False,-124.89656983581385
s032,False,-126.42811655428733
s032,False,-122.38851538584261
s032,False,-131.13356686353657
s032,False,-122.64263972532939
s032,False,-123.12620020890542
s032,False,-127.15658943076767
s032,False,-144.32547197515936
s032,False,-128.88856062283384
s032,False,-115.8121888756297
s032,False,-119.85749174522765
s032,False,-129.0976471792423
s032,False,-134.1416414979389
s032,False,-129.31382975838292
s032,False,-131.58403778609443
s032,False,-131.7773967425838
s032,False,-127.57236685426514
s032,False,-129.5404224424786
s032,False,-127.64164153534492
s032,False,-133.41303090315134
s032,False,-136.0037489054533
s032,False,-135.24299405131745
s032,False,-114.74602525928024
s032,False,-152.92292728719062
s032,False,-119.1033169804439
s032,False,-119.01066519338801
s032,False,-111.09984585314524
s032,False,-121.11547701815627
s032,False,-122.80865243111393
s032,False,-126.82375357017352
s032,False,-119.69569795348404
s032,False,-115.57654023968524
s032,False,-115.61142538847206
s032,False,-119.56940106822806
s032,False,-113.5251840860647
s032,False,-108.7958244462036
s032,False,-109.0506626148691
s032,False,-135.929484716875
s032,False,-113.7709081893334
s032,False,-108.03887950577497
s032,False,-120.6180909225511
s032,False,-113.06878085545651
s032,False,-109.01101576659505
s032,False,-103.46158549760484
s032,False,-110.17697026781217
s032,False,-106.64768534381463
s032,False,-124.36140953115525
s032,False,-114.44836722902426
s032,False,-112.79213425035091
s032,False,-114.58758182984869
s032,False,-115.8014458963735
s032,False,-109.42219477793483
s032,False,-108.59710449080163
s032,False,-107.67184384766139
s032,False,-105.5299179142802
s032,False,-112.06980820054743
s032,False,-108.26320612900005
s032,False,-117.17657607913272
s032,False,-125.52545037253672
s032,False,-109.89853739875869
s032,False,-124.17544046155204
s032,False,-110.16643962703725
s032,False,-120.15756251686976
s032,False,-117.43051431420425
s032,False,-103.3567070924342
s032,False,-122.57633361021594
s032,False,-118.68477774698206
s032,False,-112.63772432269396
s032,False,-119.22721128453689
s032,False,-107.25790461693232
s032,False,-121.77383149820004
s032,False,-108.68237588592288
s032,False,-112.07475211065189
s032,False,-117.60738440029421
s032,False,-143.5565369887786
s032,False,-146.96951848417672
s032,False,-117.83801679467389
s032,False,-138.04865642684345
s032,False,-127.98439171892807
s032,False,-120.67426777032594
s032,False,-118.51680976495621
s032,False,-124.43621774273251
s032,False,-115.61027385152255
s032,False,-109.71512489571084
s032,False,-117.21914514988613
s032,False,-112.6476609157179
s032,False,-108.121094317316
s032,False,-119.59263658793101
s032,False,-110.64721914638316
s032,False,-112.19908036285962
s032,False,-111.00106187566537
s032,False,-123.05164659002835
s032,False,-108.88534744831907
s032,False,-114.75952057239036
s032,False,-112.96993717212668
s032,False,-109.1717881340651
s032,False,-108.68887541707264
s032,False,-105.03897019799038
s032,False,-106.01105957445611
s032,False,-108.94481131294218
s032,False,-131.3843913110279
s032,False,-123.94810832107116
s032,False,-119.81196692168352
s032,False,-118.6697913883833
s032,False,-117.41668448317488
s032,False,-112.08151020050927
s032,False,-109.35376321677992
s032,False,-109.19643552202285
s032,False,-108.68365898086482
s032,False,-111.29065946267806
s032,False,-109.01971444955788
s032,False,-123.67462063186123
s032,False,-107.1271022134198
s032,False,-108.22743704824263
s032,False,-108.07995589334801
s032,False,-115.67840597184177
s032,False,-119.23637885342909
s032,False,-117.49458355916022
s032,False,-122.51855893141217
s032,False,-142.66250153542904
s032,False,-112.47637753691636
s032,False,-118.28001428945038
s032,False,-105.23736817881284
s032,False,-114.6396700978803
s032,False,-150.1993616708558
s032,False,-131.63242903043925
s032,False,-132.3430831938252
s032,False,-120.57175753963726
s032,False,-119.33640516976975
s032,False,-126.8735312034048
s032,False,-120.96893544839652
s032,False,-114.78272236194745
s032,False,-119.789047786826
s032,False,-113.74333313507643
s032,False,-115.04543016032709
s032,False,-120.79243305327591
s032,False,-114.46546355633448
s032,False,-118.70953953727192
s032,False,-116.9218574454458
s032,False,-120.44613271282599
s032,False,-117.11339683062508
s032,False,-113.27560995239409
s032,False,-119.5018682453957
s032,False,-121.80009122760798
s032,False,-114.02577669053235
s032,False,-110.66063609736848
s032,False,-116.79782935140886
s032,False,-112.81208612387259
s032,False,-108.30036993135393
s032,False,-126.44636183105862
s032,False,-116.91619726319584
s032,False,-111.30296576137854
s032,False,-120.45006314549477
s032,False,-111.5019167800406
s032,False,-118.39086811049542
s032,False,-115.41165160361838
s032,False,-137.48491701889412
s032,False,-121.83702641913364
s032,False,-115.92095778898933
s032,False,-122.06546227193377
s032,False,-117.14081155758848
s032,False,-113.44519960309202
s032,False,-119.9506672248558
s032,False,-115.54395507215087
s032,False,-121.01087420070029
s032,False,-124.47982571063885
s032,False,-109.60761208803285
s032,False,-118.3151832447935
s032,False,-115.73868144775011
s032,False,-112.6014943018554
s032,False,-113.20664198459886
s032,False,-118.49173399130832
s032,False,-114.28724094872695
s032,False,-111.07315962077244
s032,False,-160.386389772844
s032,False,-159.51243502657533
s032,False,-204.501530923531
s032,False,-170.0759580677031
s032,False,-161.67526517045513
s032,False,-169.89984258561137
s032,False,-155.01440390276014
s032,False,-172.27541191687965
s032,False,-156.29397630100092
s032,False,-154.86125245913172
s032,False,-159.6467682503233
s032,False,-143.68144478922454
s032,False,-150.92381516728085
s032,False,-138.98078621186949
s032,False,-146.166507079019
s032,False,-159.90468691469596
s032,False,-147.42223254713787
s032,False,-146.02231098707725
s032,False,-143.40414133763767
s032,False,-138.75037790334144
s032,False,-139.51499655820558
s032,False,-146.0142773072528
s032,False,-135.87454085785242
s032,False,-138.95064319263773
s032,False,-143.8463674462781
s032,False,-141.97266477324996
s032,False,-140.67152442135682
s032,False,-131.45900940478919
s032,False,-146.43687078496856
s032,False,-140.46281780047985
s032,False,-141.56262576077637
s032,False,-135.72660616680255
s032,False,-137.37258665562314
s032,False,-143.96444083240928
s032,False,-139.56093655082105
s032,False,-139.7257093091432
s032,False,-148.9988548284527
s032,False,-127.8447326217163
s032,False,-138.73200574498577
s032,False,-136.30187722720984
s032,False,-133.0976375872304
s032,False,-140.18654484578101
s032,False,-129.4099473033893
s032,False,-138.45501603789745
s032,False,-158.51458978542897
s032,False,-131.0888423948679
s032,False,-131.88151311574694
s032,False,-139.76888913167318
s032,False,-146.35584788721363
s032,False,-138.00758155347606
s032,False,-114.70321462085519
s032,False,-124.10818190788318
s032,False,-115.13002355848799
s032,False,-108.78666488814038
s032,False,-110.2125515579993
s032,False,-112.09799742775535
s032,False,-110.89319375744041
s032,False,-104.90359434480442
s032,False,-117.42760731856103
s032,False,-105.16471645657948
s032,False,-103.37553126598138
s032,False,-107.37636709927177
s032,False,-105.60584506339977
s032,False,-125.48013841886548
s032,False,-116.12249611801508
s032,False,-106.6306729870173
s032,False,-105.62596899188759
s032,False,-106.46575421834076
s032,False,-114.00013821462198
s032,False,-107.82936552408947
s032,False,-114.09128754202085
s032,False,-114.08397503683412
s032,False,-106.16209867070489
s032,False,-119.55097084854599
s032,False,-110.41451623661095
s032,False,-114.13811895916236
s032,False,-107.61752733200356
s032,False,-110.37176110512924
s032,False,-115.34150153692575
s032,False,-110.7233951263358
s032,False,-125.33576229815324
s032,False,-110.56894141993698
s032,False,-122.27440898259644
s032,False,-111.8129870551347
s032,False,-115.2863953641836
s032,False,-122.82359514956899
s032,False,-110.6851714487171
s032,False,-113.91224709684177
s032,False,-111.08320711572429
s032,False,-117.73581735829302
s032,False,-112.70076135475745
s032,False,-115.42627699288569
s032,False,-115.72196583401579
s032,False,-119.14900980209356
s032,False,-116.0419170213246
s032,False,-112.1344187580571
s032,False,-118.66316393833186
s032,False,-117.98038264385467
s032,False,-127.94706587971632
s032,False,-110.03817753104825
s032,False,-165.1548839245631
s032,False,-169.5907150210715
s032,False,-176.3799881920821
s032,False,-179.26616950924543
s032,False,-173.44488073622387
s032,False,-175.29189337846117
s032,False,-170.58188447472736
s032,False,-173.44042473266413
s032,False,-175.9171782997374
s032,False,-163.8726655522079
s032,False,-182.29954338431747
s032,False,-173.44456117038283
s032,False,-177.83926411111884
s032,False,-163.41277042809017
s032,False,-180.96654460506832
s032,False,-176.11635947931725
s032,False,-162.14482189282035
s032,False,-164.48057902336453
s032,False,-169.99787506067182
s032,False,-161.7146949110414
s032,False,-164.9137738471659
s032,False,-160.72458831619164
s032,False,-171.24269218838865
s032,False,-161.45947568597694
s032,False,-167.53278666840208
s032,False,-162.39223467336168
s032,False,-161.32832607802564
s032,False,-165.8837231007162
s032,False,-174.51735288237634
s032,False,-167.15710376394372
s032,False,-170.58722945308517
s032,False,-168.11970123613935
s032,False,-159.31129342380348
s032,False,-158.43818064115965
s032,False,-163.5101874567715
s032,False,-161.1983420146781
s032,False,-166.46018279721898
s032,False,-168.93667214761166
s032,False,-162.28062160228953
s032,False,-165.68236245263247
s032,False,-160.1750704576434
s032,False,-163.26802064016732
s032,False,-154.3405632982451
s032,False,-155.7692762592498
s032,False,-164.63369095627493
s032,False,-166.6275377239826
s032,False,-164.7448224666259
s032,False,-165.57024290844333
s032,False,-166.23976297394353
s032,False,-163.7512906725607
s032,False,-126.5408101927403
s032,False,-119.30651212197736
s032,False,-113.47583022138386
s032,False,-119.88236657135411
s032,False,-114.18198175463525
s032,False,-115.9144403208684
s032,False,-121.91772951145018
s032,False,-112.27111528940601
s032,False,-110.99653839279445
s032,False,-119.0777085097351
s032,False,-126.53951730024569
s032,False,-111.01882301082844
s032,False,-117.6358213829026
s032,False,-112.6216301975438
s032,False,-116.02884639519797
s032,False,-117.94987767874277
s032,False,-118.03565607244236
s032,False,-119.97074017439361
s032,False,-109.17996082070275
s032,False,-128.8752264270787
s032,False,-123.54065196877782
s032,False,-116.31764705242473
s032,False,-116.89335435443806
s032,False,-120.92250162945774
s032,False,-113.71175668851828
s032,False,-114.95767051720566
s032,False,-124.11160920195091
s032,False,-117.97446926416487
s032,False,-115.6499004698531
s032,False,-117.61464410800087
s032,False,-127.4558641910654
s032,False,-109.88235538666584
s032,False,-107.69774428621415
s032,False,-123.95733493809131
s032,False,-115.26096582954236
s032,False,-112.32646407543348
s032,False,-116.42342389057976
s032,False,-123.5084474871939
s032,False,-133.5612691036408
s032,False,-113.37888691707103
s032,False,-111.9872288923925
s032,False,-126.91959861722805
s032,False,-113.02266851954555
s032,False,-121.74940436755318
s032,False,-116.08075628050909
s032,False,-117.19312473949763
s032,False,-131.64636138818128
s032,False,-117.16489663454742
s032,False,-114.51145424226358
s032,False,-119.51045199382045
s032,False,-125.8735979525762
s032,False,-131.3476145759557
s032,False,-137.5693136240128
s032,False,-142.58001263101312
s032,False,-137.25165429333887
s032,False,-114.90787116459416
s032,False,-120.78476683999013
s032,False,-120.1711307228313
s032,False,-136.35136337182374
s032,False,-123.27019872326642
s032,False,-111.01015081712721
s032,False,-113.35985427058357
s032,False,-121.25897108047647
s032,False,-120.40067613652766
s032,False,-123.99894858229484
s032,False,-117.45936408339685
s032,False,-116.55875735899261
s032,False,-112.79393420786833
s032,False,-114.13278874669983
s032,False,-120.27898518223621
s032,False,-116.87669503458028
s032,False,-111.18730791717068
s032,False,-113.79724811448511
s032,False,-104.61694029987613
s032,False,-109.73335542817227
s032,False,-115.69373325473174
s032,False,-110.40205635481982
s032,False,-111.5607142131908
s032,False,-117.00829379378277
s032,False,-108.71891693836595
s032,False,-114.72889985093352
s032,False,-111.76748255376013
s032,False,-108.55710348287515
s032,False,-111.28691809703892
s032,False,-106.76826452143295
s032,False,-111.17714248290999
s032,False,-105.98417877240301
s032,False,-120.63919957398268
s032,False,-116.89534653549687
s032,False,-104.13920087662191
s032,False,-116.82613808869365
s032,False,-113.01740081837436
s032,False,-124.90208611333924
s032,False,-115.74871568566103
s032,False,-115.67582311847237
s032,False,-122.91664384055132
s032,False,-110.30341920185495
s032,False,-115.25234021323729
s032,False,-126.34815406098647
s032,False,-111.93847149382478
s032,False,-158.25295289701617
s032,False,-141.28215292349728
s032,False,-141.5416151466199
s032,False,-131.70997036397338
s032,False,-122.89410152997384
s032,False,-125.0902870121932
s032,False,-119.897045523333
s032,False,-126.16111700791565
s032,False,-122.15519988059698
s032,False,-120.32731993535377
s032,False,-122.92899158326237
s032,False,-125.78438439922893
s032,False,-125.47170506681952
s032,False,-129.88358911502647
s032,False,-126.05169924699446
s032,False,-132.30569384465394
s032,False,-132.02086517394636
s032,False,-131.55706971056463
s032,False,-127.09558428956247
s032,False,-138.53552013332407
s032,False,-131.56183285965906
s032,False,-126.44620217349782
s032,False,-137.945350080788
s032,False,-126.4673431754181
s032,False,-124.4227732708712
s032,False,-127.32183076252785
s032,False,-126.26998832883463
s032,False,-124.74940234242453
s032,False,-132.78374250252813
s032,False,-138.50805188746767
s032,False,-131.5831597027816
s032,False,-134.58902497146804
s032,False,-121.91871347796757
s032,False,-128.89470128108582
s032,False,-136.64524430827672
s032,False,-134.26533220919674
s032,False,-124.53679708544442
s032,False,-125.18524172711463
s032,False,-127.26510429261849
s032,False,-128.48467612757423
s032,False,-120.9863117575544
s032,False,-130.6658275757276
s032,False,-125.5811339956872
s032,False,-118.48597317458214
s032,False,-124.28529642825542
s032,False,-125.21308121270349
s032,False,-134.9485383152336
s032,False,-130.71596402205589
s032,False,-125.90148510502034
s032,False,-138.56353503767457
s032,False,-153.45117762178828
s032,False,-143.46079785148865
s032,False,-152.10481119789074
s032,False,-135.4569045642546
s032,False,-128.30561965512285
s032,False,-133.53043735984716
s032,False,-117.8154469934708
s032,False,-119.0880931228973
s032,False,-112.05032918723646
s032,False,-125.63473149266768
s032,False,-124.03449253743247
s032,False,-117.41887136054535
s032,False,-131.52730540204178
s032,False,-142.68215498960137
s032,False,-142.84906385036524
s032,False,-117.64013207426623
s032,False,-120.18461633796025
s032,False,-117.44640750284455
s032,False,-130.84554608450537
s032,False,-135.30294603332845
s032,False,-119.10488415527833
s032,False,-110.77228194467574
s032,False,-113.39097128362732
s032,False,-116.31875203067605
s032,False,-145.56517823896613
s032,False,-135.66773883795582
s032,False,-122.83368974340256
s032,False,-115.59081356510204
s032,False,-119.6486167500737
s032,False,-116.4635706683013
s032,False,-113.70837421596944
s032,False,-121.90394589889571
s032,False,-113.5681405229993
s032,False,-142.4615558302333
s032,False,-113.62567059909232
s032,False,-115.14250826098217
s032,False,-127.0456748879196
s032,False,-111.47977426615297
s032,False,-110.78705488254337
s032,False,-114.54738584435559
s032,False,-110.7608916797076
s032,False,-111.46184148413107
s032,False,-120.02304324373239
s032,False,-145.34103725553868
s032,False,-126.41600064395487
s032,False,-114.72716413496306
s032,False,-126.63670620139149
s032,False,-116.10314975653888
s032,False,-111.15591701582765
s032,False,-120.88256405848901
s032,False,-131.22750861790337
s032,False,-118.8893587584405
s032,False,-112.58622307049738
s032,False,-125.64746176549664
s032,False,-133.64177120219748
s032,False,-116.13724021016267
s032,False,-120.69561120067496
s032,False,-120.03705365015128
s032,False,-120.9696157369485
s032,False,-132.28875560254718
s032,False,-128.5339441559564
s032,False,-124.50963836646781
s032,False,-120.62666764867228
s032,False,-119.08916678852422
s032,False,-113.65822711569659
s032,False,-118.97527973061634
s032,False,-114.6635861596311
s032,False,-110.2929838540388
s032,False,-121.46016399048828
s032,False,-121.37500106996598
s032,False,-122.1140101947273
s032,False,-118.18620659560936
s032,False,-119.14642755082619
s032,False,-124.34325351579712
s032,False,-129.538168410019
s032,False,-135.28976507164376
s032,False,-138.8754093839516
s032,False,-130.5120290896096
s032,False,-137.5804239872299
s032,False,-136.35341390794466
s032,False,-123.68649640131153
s032,False,-124.33959005126212
s032,False,-142.17474272321215
s032,False,-142.8742314084173
s032,False,-129.05332464788836
s032,False,-127.59588630303114
s032,False,-128.67861589487978
s032,False,-122.82115605172586
s032,False,-120.53808581228934
s032,False,-135.24135744467227
s032,False,-125.27297439233371
s032,False,-144.82792529818093
s032,False,-130.04583584277205
s032,False,-134.9409506550175
s032,False,-129.3058880622108
s032,False,-124.35035771052048
s032,False,-132.47906650349057
s032,False,-141.90039453003925
s032,False,-133.97909797827552
s032,False,-133.58178235957973
s032,False,-120.25674086067352
s032,False,-151.87717776141
s032,False,-134.7085528615827
s032,False,-148.06114429549075
s032,False,-134.7642795404907
s032,False,-129.6829061662444
s032,False,-125.49770075802915
s032,False,-128.92192423062554
s032,False,-127.39395682418383
s032,False,-125.75151048174313
s032,False,-136.44089014767894
s032,False,-127.96697195950009
s032,False,-120.27248191877864
s032,False,-118.4507398175431
s032,False,-142.43247006029821
s032,False,-130.89760642040824
s032,False,-134.05145906197168
s032,False,-122.92649822665567
s032,False,-129.67362777789447
s032,False,-126.719218344103
s032,False,-124.94583683047156
s032,False,-137.29781128590025
s032,False,-126.51448854540206
s032,False,-127.03841768059263
s032,False,-143.48845365290256
s032,False,-131.56835869513333
s032,False,-133.29463449819718
s032,False,-137.6318862302038
s032,False,-145.68567444095797
s032,False,-143.3923247875888
s032,False,-125.44080137232181
s032,False,-142.19246868544388
s032,False,-132.44997187711172
s032,False,-144.12206065898442
s032,False,-134.78989342616842
s032,False,-133.3313432586915
s032,False,-144.94556180239243
s032,False,-142.74546765290808
s032,False,-132.0012669446667
s032,False,-136.09291095234633
s032,False,-130.63338563073341
s032,False,-148.43660850804437
s032,False,-125.09728633655934
s032,False,-139.8658329757709
s032,False,-130.17208498901613
s032,False,-131.93524894458702
s032,False,-126.93201288014555
s032,False,-133.41821483046442
s032,False,-139.77151217986474
s032,False,-132.98751008624734
s032,False,-135.11103594055604
s032,False,-128.26755854362534
s032,False,-124.54799218426825
s032,False,-124.63417588909839
s032,False,-112.15763393603173
s032,False,-115.46246182481636
s032,False,-106.77610364885875
s032,False,-113.48331062600819
s032,False,-113.61406345488263
s032,False,-107.89463906326165
s032,False,-116.94755372101605
s032,False,-112.42499296289225
s032,False,-107.94807537963814
s032,False,-104.95504013068836
s032,False,-109.12457618753125
s032,False,-108.0588049770522
s032,False,-105.86687391673229
s032,False,-105.54952200922386
s032,False,-106.76038585573163
s032,False,-106.07972557364086
s032,False,-106.24131216622415
s032,False,-110.562580566158
s032,False,-108.17603608462302
s032,False,-115.38051277911624
s032,False,-108.82546450082097
s032,False,-114.44206379328314
s032,False,-116.58805380353702
s032,False,-107.71779797987587
s032,False,-113.42961385980144
s032,False,-105.69738117351571
s032,False,-104.63348745992684
s032,False,-103.92090221229851
s032,False,-111.58474943669086
s032,False,-109.45460207655061
s032,False,-108.14255193929735
s032,False,-109.04815120995178
s032,False,-106.69772222602701
s032,False,-109.8658621341668
s032,False,-120.92309123217362
s032,False,-116.05265263585875
s032,False,-109.58787166838829
s032,False,-123.15746928336971
s032,False,-112.88671528102903
s032,False,-107.05469266207925
s032,False,-126.99648615086039
s032,False,-120.93820379820102
s032,False,-111.04848946836034
s032,False,-108.5787131032034
s032,False,-104.8455428561025
s032,False,-106.17848792143678
s032,False,-145.89975964138657
s032,False,-136.7332901016717
s032,False,-140.96776381721384
s032,False,-137.98156293334102
s032,False,-127.98047838114105
s032,False,-131.54737798922858
s032,False,-135.02063316600038
s032,False,-151.83804046197864
s032,False,-154.86419325769188
s032,False,-149.379850781448
s032,False,-153.4373659042533
s032,False,-119.06129176678276
s032,False,-126.89980044651621
s032,False,-125.36501375981433
s032,False,-114.84078328277408
s032,False,-122.0356128505529
s032,False,-115.95031020826006
s032,False,-117.35487437753648
s032,False,-134.91211762692694
s032,False,-118.77285666221128
s032,False,-141.67843228013274
s032,False,-142.71880098373555
s032,False,-150.5965729835452
s032,False,-143.0563148481415
s032,False,-132.42738825228145
s032,False,-127.24488032748435
s032,False,-118.97970164144806
s032,False,-114.66401961766435
s032,False,-112.0781170249846
s032,False,-108.53865948139276
s032,False,-156.07659750434803
s032,False,-116.52590761131832
s032,False,-122.17776448040279
s032,False,-122.43840282445386
s032,False,-120.81548484374083
s032,False,-147.0634366137037
s032,False,-130.23017679956942
s032,False,-129.63736039235408
s032,False,-134.19826361669132
s032,False,-143.41773301166253
s032,False,-133.30819558228688
s032,False,-144.1302409758366
s032,False,-133.13532502617912
s032,False,-153.54187972684738
s032,False,-158.24228354152206
s032,False,-118.15501078871665
s032,False,-131.24650233001196
s032,False,-122.78208157340661
s032,False,-127.65149552710152
s032,False,-124.69545958289963
s032,False,-132.33625166360576
s032,False,-127.84891315878384
s032,False,-140.26296967346119
s032,False,-137.35078687717103
s032,False,-130.75584393727343
s032,False,-117.34345667224954
s032,False,-137.49863985452578
s032,False,-116.33222589963891
s032,False,-124.7000044610152
s032,False,-131.17756871415142
s032,False,-142.7998178687026
s032,False,-119.75138068710083
s032,False,-125.81128860707567
s032,False,-119.58740663308129
s032,False,-131.986905595478
s032,False,-135.20200534311056
s032,False,-127.13210471426045
s032,False,-108.728645167165
s032,False,-111.21456892271624
s032,False,-117.06004309405981
s032,False,-132.18824496697871
s032,False,-124.1724603008547
s032,False,-115.81002278043285
s032,False,-125.99026676993128
s032,False,-126.2326404438699
s032,False,-124.55841167636929
s032,False,-135.38543653163285
s032,False,-121.1973445760405
s032,False,-130.85582654839268
s032,False,-121.44525323212022
s032,False,-119.5544508468634
s032,False,-112.09364813596902
s032,False,-135.2923803787537
s032,False,-111.29566605485918
s032,False,-137.28195302295225
s032,False,-132.15580511955523
s032,False,-122.5604448792222
s032,False,-109.78887491954161
s032,False,-124.05660109669917
s032,False,-119.5161668399135
s032,False,-116.07991152468225
s032,False,-117.49934463601753
s032,False,-114.27479476491042
s032,False,-130.53177412806548
s032,False,-120.28128125257946
s032,False,-134.80149639436968
s032,False,-108.59122164030813
s032,False,-112.72545371631027
s032,False,-127.37429882608518
s032,False,-118.68828150533035
s032,False,-163.4524161999548
s032,False,-152.47400643786222
s032,False,-158.24356825549293
s032,False,-159.2080231207537
s032,False,-162.28948032109656
s032,False,-166.32089708799714
s032,False,-142.93414910232732
s032,False,-145.80126885820977
s032,False,-154.29272261611476
s032,False,-159.75578727532448
s032,False,-156.7806875723896
s032,False,-145.6988818690998
s032,False,-158.62343665403307
s032,False,-150.19760930911232
s032,False,-144.58543308046748
s032,False,-151.91772651715263
s032,False,-148.17313076415394
s032,False,-159.70855221813088
s032,False,-158.7634831713538
s032,False,-146.3971765157363
s032,False,-150.3534514945651
s032,False,-151.07083022120017
s032,False,-159.1529639888369
s032,False,-157.44223945322963
s032,False,-151.50001401281438
s032,False,-149.61476801766554
s032,False,-162.0706254332606
s032,False,-154.2690466944434
s032,False,-134.95803360948187
s032,False,-139.60711640436705
s032,False,-129.6166111253912
s032,False,-136.13544422366556
s032,False,-134.72289866848558
s032,False,-142.61625516388614
s032,False,-148.4516544366249
s032,False,-135.24305667710772
s032,False,-158.6799870983738
s032,False,-150.58362369712913
s032,False,-143.61532713899823
s032,False,-140.4477532191885
s032,False,-151.9243729571545
s032,False,-150.5285410333466
s032,False,-147.1026514784794
s032,False,-146.99415209720485
s032,False,-141.28803250509375
s032,False,-147.0388206130193
s032,False,-150.5339963387119
s032,False,-141.06741263400988
s032,False,-144.1820250869669
s032,False,-137.41779468601544
s032,False,-129.98982336896518
s032,False,-125.1673017720328
s032,False,-141.04217498895997
s032,False,-118.07779771715806
s032,False,-131.6660999675872
s032,False,-149.4343301293717
s032,False,-128.41644397010057
s032,False,-134.37714780604807
s032,False,-123.18823165903588
s032,False,-123.06529108297121
s032,False,-133.66701884241886
s032,False,-116.1019836902005
s032,False,-130.74013630092017
s032,False,-120.28525756795358
s032,False,-127.0385162000462
s032,False,-143.65292826382748
s032,False,-120.94536255139555
s032,False,-125.99591231833598
s032,False,-118.98575355479808
s032,False,-126.01466517445081
s032,False,-119.83103151210298
s032,False,-148.48431160868748
s032,False,-119.63298396311482
s032,False,-127.3943184512278
s032,False,-130.51757667388
s032,False,-129.4587602466287
s032,False,-118.54522322754597
s032,False,-129.2936386271674
s032,False,-137.02227906024635
s032,False,-126.75157297527471
s032,False,-126.37771825088475
s032,False,-127.7261182552671
s032,False,-128.95793531713963
s032,False,-125.97939446543589
s032,False,-124.39596649756425
s032,False,-130.26510727934513
s032,False,-130.25093311064083
s032,False,-125.72975483061427
s032,False,-131.97693409535137
s032,False,-133.88871815284486
s032,False,-128.20297742617643
s032,False,-119.01106048222407
s032,False,-123.28679500121419
s032,False,-121.59600490534373
s032,False,-122.70299319382833
s032,False,-123.85553347634963
s032,False,-121.47517546172809
s032,False,-126.08149884564266
s032,False,-132.1026749835342
s032,False,-122.11006331022243
s032,False,-136.53492032839293
s032,False,-136.38408653111475
s032,False,-124.52097585842118
s032,False,-118.77302653925193
s032,False,-115.02108560865803
s032,False,-115.2510411896818
s032,False,-120.45288270482213
s032,False,-113.6821120422261
s032,False,-119.90956885822085
s032,False,-132.52796751502262
s032,False,-110.26570068264152
s032,False,-117.22285634245299
s032,False,-127.209746573224
s032,False,-110.41439669108964
s032,False,-118.78169437926381
s032,False,-109.41351347275994
s032,False,-107.8701748056388
s032,False,-111.3490191118678
s032,False,-113.7334524114539
s032,False,-109.75313325581175
s032,False,-109.97692490290892
s032,False,-112.46249981730972
s032,False,-119.62970848742907
s032,False,-110.6024439061464
s032,False,-115.48500984464569
s032,False,-111.7324611554048
s032,False,-106.5114562871929
s032,False,-106.77976589336248
s032,False,-127.11096108322262
s032,False,-114.49041238801473
s032,False,-102.76084321848509
s032,False,-114.10899214504828
s032,False,-129.05643285068842
s032,False,-127.96206114367321
s032,False,-114.36518744540612
s032,False,-110.25553637648385
s032,False,-106.30361002142341
s032,False,-118.34308802939985
s032,False,-107.93164779313125
s032,False,-113.19153403839645
s032,False,-106.48405110989148
s032,False,-113.8370903809473
s032,False,-119.92993768846519
s032,False,-127.63170465379372
s032,False,-116.02577584899441
s032,False,-136.98067095240432
s032,False,-118.59677585957297
s032,False,-123.41116533206603
s032,False,-111.88037905229942
s032,False,-128.0144713510577
s032,False,-179.29640524324796
s032,False,-186.24732963668563
s032,False,-170.33502241154056
s032,False,-161.76750478857713
s032,False,-168.3139114501673
s032,False,-157.50274776764837
s032,False,-180.2854764751637
s032,False,-177.5312978174959
s032,False,-154.9583441446797
s032,False,-158.63035720032127
s032,False,-169.38429333973392
s032,False,-145.76691710560257
s032,False,-131.33233600787665
s032,False,-150.8274851025175
s032,False,-142.6826542810259
s032,False,-151.12188681069367
s032,False,-153.6498081929204
s032,False,-146.9382014257256
s032,False,-156.5468011235828
s032,False,-152.9078096531865
s032,False,-138.00679992510206
s032,False,-136.27274235940826
s032,False,-146.68355234082935
s032,False,-125.65874939936073
s032,False,-134.34282891190043
s032,False,-150.96609033066036
s032,False,-137.21501541191714
s032,False,-152.0869024082992
s032,False,-137.24539090224653
s032,False,-137.68885269136194
s032,False,-135.7231951568074
s032,False,-132.60926864769272
s032,False,-145.8205078694516
s032,False,-130.27418748489148
s032,False,-132.42963433103876
s032,False,-135.68866220374844
s032,False,-152.58371902809176
s032,False,-143.73443664525587
s032,False,-131.97647540794128
s032,False,-134.6633440555767
s032,False,-141.72508824761022
s032,False,-138.21979918363058
s032,False,-135.70395073979392
s032,False,-137.39091222102886
s032,False,-153.58999644046995
s032,False,-159.0112750286597
s032,False,-147.45682694591966
s032,False,-149.92615288459973
s032,False,-152.6103620970788
s032,False,-150.34152112359436
s032,False,-188.63613614406506
s032,False,-215.33087950376841
s032,False,-228.7668033447452
s032,False,-214.6046283302688
s032,False,-197.59712507189693
s032,False,-213.5122354843359
s032,False,-208.7667828250329
s032,False,-210.49808924383163
s032,False,-203.25521394272846
s032,False,-195.1294961443621
s032,False,-188.5859578215588
s032,False,-189.28822686554392
s032,False,-200.13840968227427
s032,False,-202.31879929973897
s032,False,-207.6984527139153
s032,False,-211.32745645822718
s032,False,-195.74369248549095
s032,False,-185.5884313620769
s032,False,-192.24777366236776
s032,False,-191.06419703437805
s032,False,-197.58799945803995
s032,False,-203.19658873579857
s032,False,-212.707888856477
s032,False,-207.85755136236386
s032,False,-181.9093680480455
s032,False,-189.47480798313785
s032,False,-187.37378963328777
s032,False,-196.65893803343727
s032,False,-190.88341187663124
s032,False,-203.9905281964559
s032,False,-181.57432280022215
s032,False,-181.4025289485745
s032,False,-206.18168075154355
s032,False,-207.67528937328032
s032,False,-196.91153278508523
s032,False,-194.85582434036337
s032,False,-180.1393145032754
s032,False,-193.12413013140164
s032,False,-186.52252224995837
s032,False,-201.80770904180477
s032,False,-194.03068110727926
s032,False,-190.3540834901638
s032,False,-198.86612710440957
s032,False,-192.74597368266137
s032,False,-201.9348904707222
s032,False,-204.81654346970916
s032,False,-207.27721049680684
s032,False,-193.66008220649576
s032,False,-195.92782571715844
s032,False,-187.06861528631026
s032,False,-180.17433018341077
s032,False,-153.9857055743492
s032,False,-132.1330965404614
s032,False,-143.4874058994474
s032,False,-142.34617908430346
s032,False,-134.37936494447763
s032,False,-151.83233716807547
s032,False,-173.70232128740182
s032,False,-170.3837910517454
s032,False,-151.17637646140034
s032,False,-165.8506094218922
s032,False,-156.52448650311655
s032,False,-150.75124817128395
s032,False,-123.39652396874351
s032,False,-124.745183897774
s032,False,-123.65538980877851
s032,False,-138.893697046271
s032,False,-142.57867514252828
s032,False,-164.8320492352354
s032,False,-141.54779821843516
s032,False,-141.7278605499198
s032,False,-141.49118989488153
s032,False,-132.16749425100656
s032,False,-154.44173725562823
s032,False,-133.29419514491607
s032,False,-127.9392141906609
s032,False,-135.52918982738817
s032,False,-135.2175552379324
s032,False,-124.74156708747259
s032,False,-115.16105491029266
s032,False,-132.481403748907
s032,False,-126.65321715642177
s032,False,-129.91187289771332
s032,False,-151.25874144362336
s032,False,-136.4671301369885
s032,False,-132.3611184219987
s032,False,-137.99909520782867
s032,False,-146.2721615083964
s032,False,-143.12406889895874
s032,False,-137.01549345798648
s032,False,-164.02361541982683
s032,False,-132.88579061388438
s032,False,-141.39668878716117
s032,False,-147.62235452107367
s032,False,-136.0585875862022
s032,False,-153.22775307912855
s032,False,-132.81113819368994
s032,False,-137.43363388934978
s032,False,-154.16957445341052
s032,False,-161.31959944650632
s032,False,-129.30141834127232
s032,False,-115.54133370699641
s032,False,-119.01739988332658
s032,False,-107.70519072790573
s032,False,-113.9126627575033
s032,False,-122.22550196209048
s032,False,-112.10356553431278
s032,False,-136.84912912863368
s032,False,-132.95801508914641
s032,False,-129.40659233857718
s032,False,-116.92741819677852
s032,False,-120.55700570073282
s032,False,-117.79910710305882
s032,False,-118.82797041647072
s032,False,-119.97940965802174
s032,False,-131.44043865180035
s032,False,-124.93544307919856
s032,False,-128.33465843758162
s032,False,-119.27337308875256
s032,False,-117.01092888156529
s032,False,-126.48995883628123
s032,False,-131.65950217734175
s032,False,-134.5771423712532
s032,False,-118.42666195412073
s032,False,-109.6245980179503
s032,False,-126.22075183255151
s032,False,-127.06726317672597
s032,False,-116.23234477437059
s032,False,-114.67033827036553
s032,False,-116.09858384315221
s032,False,-116.9716108013007
s032,False,-112.9165551067408
s032,False,-114.64119859393645
s032,False,-113.78575399078532
s032,False,-114.58833623246613
s032,False,-115.64034716143125
s032,False,-125.89937590862012
s032,False,-117.41730962148638
s032,False,-115.85259336594066
s032,False,-121.6081479843529
s032,False,-117.71121902445552
s032,False,-112.61329692985899
s032,False,-123.20080672191479
s032,False,-114.01984124750707
s032,False,-115.28159696597264
s032,False,-123.80956981927278
s032,False,-124.19363256054645
s032,False,-111.58238009475315
s032,False,-112.98837332095829
s032,False,-107.26807348276822
s032,False,-174.4397125410864
s032,False,-153.31795494336131
s032,False,-162.49804712079396
s032,False,-164.69271847203206
s032,False,-142.2841804245524
s032,False,-155.83697164914415
s032,False,-144.9074236091262
s032,False,-127.13652378906639
s032,False,-141.0466217285622
s032,False,-135.20792766425737
s032,False,-128.78547751520497
s032,False,-132.43495172166126
s032,False,-135.86154753784578
s032,False,-127.57832417628667
s032,False,-143.2743029896231
s032,False,-129.3201232159137
s032,False,-120.40620015122975
s032,False,-124.59045467946932
s032,False,-127.50498379192116
s032,False,-120.1618047234084
s032,False,-131.04474878933632
s032,False,-142.76546310651
s032,False,-125.76900423493868
s032,False,-122.61012544695983
s032,False,-120.77211220751367
s032,False,-128.36519999043355
s032,False,-119.69274161686805
s032,False,-120.68948230407644
s032,False,-119.79923489869766
s032,False,-126.46717111516685
s032,False,-131.72629952454486
s032,False,-117.27279961822617
s032,False,-121.2531341900415
s032,False,-123.64522539696452
s032,False,-116.0095906641829
s032,False,-122.98023005844968
s032,False,-123.03780621076645
s032,False,-119.36358090828813
s032,False,-120.61072014471829
s032,False,-125.7901419945178
s032,False,-121.53558573679396
s032,False,-114.87710709992
s032,False,-114.1004535933701
s032,False,-114.83362094596367
s032,False,-118.95572716834633
s032,False,-115.32210000790211
s032,False,-116.98508057416215
s032,False,-115.24066833007936
s032,False,-117.32368846687538
s032,False,-121.07912558485638
s032,False,-132.77945314823404
s032,False,-126.28762913678017
s032,False,-150.6510269255386
s032,False,-120.3919198342323
s032,False,-123.36953002073028
s032,False,-114.75464788991314
s032,False,-129.51443057620767
s032,False,-117.32901854448922
s032,False,-125.49565662262104
s032,False,-120.99283434921588
s032,False,-127.81207107040709
s032,False,-114.37202505509984
s032,False,-115.7215568867106
s032,False,-112.56819114737708
s032,False,-113.1763642795359
s032,False,-105.53086444825742
s032,False,-106.2298269439534
s032,False,-108.38712596605377
s032,False,-118.95253446263777
s032,False,-117.46542326015488
s032,False,-114.36240820281651
s032,False,-110.55396519094138
s032,False,-114.59141524488155
s032,False,-108.61664255254344
s032,False,-103.25516776765276
s032,False,-120.20207722308356
s032,False,-123.30551937556845
s032,False,-113.78864009251404
s032,False,-118.80613731995416
s032,False,-124.63636237154878
s032,False,-124.1219163613776
s032,False,-114.08387318772509
s032,False,-110.28895094766658
s032,False,-113.7960011744912
s032,False,-116.29472269006041
s032,False,-112.91954980419773
s032,False,-119.0132473247037
s032,False,-116.98866343051817
s032,False,-112.10497013447183
s032,False,-147.61474645413747
s032,False,-153.46781993340727
s032,False,-122.2707614762419
s032,False,-148.423733128018
s032,False,-132.25076663730098
s032,False,-118.03963496283889
s032,False,-125.58428643543805
s032,False,-126.01742167993157
s032,False,-125.48568465724459
s032,False,-118.8795196575075
s032,False,-123.72670747054374
s032,False,-155.01454507264978
s032,False,-163.3532461660916
s032,False,-170.0774565101266
s032,False,-163.33081057122277
s032,False,-174.18299389736038
s032,False,-159.46988041933702
s032,False,-154.54976755742044
s032,False,-158.20509790122307
s032,False,-153.04870746730322
s032,False,-146.88382169395237
s032,False,-147.52190815526893
s032,False,-157.39305910819516
s032,False,-159.04377082861285
s032,False,-148.2193479711161
s032,False,-163.51238103531978
s032,False,-155.41860171073154
s032,False,-159.70507031966
s032,False,-160.129437992471
s032,False,-154.42088049932966
s032,False,-153.17719067925773
s032,False,-157.47249352171522
s032,False,-145.84629684792927
s032,False,-153.4360033576114
s032,False,-156.64839902732163
s032,False,-150.31858653929888
s032,False,-154.10943940319777
s032,False,-158.78199762152832
s032,False,-147.07033251043532
s032,False,-141.6925015581054
s032,False,-156.53424132001663
s032,False,-136.9386244461107
s032,False,-146.9500819558242
s032,False,-142.00862346770805
s032,False,-146.71885623125354
s032,False,-147.82353329696164
s032,False,-140.39027408796017
s032,False,-148.18764896636858
s032,False,-153.07953838345432
s032,False,-152.65894156502392
s032,False,-147.72383877284477
s032,False,-149.26182626153798
s032,False,-152.31387495878516
s032,False,-153.60759176870658
s032,False,-149.72455049086804
s032,False,-151.3132382409161
s032,False,-155.24031644107524
s032,False,-151.32072758724325
s032,False,-154.8173135150108
s032,False,-154.6751655849559
s032,False,-149.89972525395186
s032,False,-134.94559253449395
s032,False,-138.83563736441405
s032,False,-137.7846921716554
s032,False,-134.3879464095618
s032,False,-137.03866532957957
s032,False,-132.92711093198972
s032,False,-127.01589564660476
s032,False,-147.95619670541984
s032,False,-135.7082960765607
s032,False,-140.67674905298125
s032,False,-135.56197316688616
s032,False,-131.86504408932956
s032,False,-131.0529333179908
s032,False,-136.62057995765733
s032,False,-140.41400618791025
s032,False,-126.27695594709948
s032,False,-131.7187212680311
s032,False,-139.11684473324783
s032,False,-132.22570993090025
s032,False,-134.4058932489938
s032,False,-133.86192078447755
s032,False,-136.13297899175518
s032,False,-132.27628616227742
s032,False,-142.0241068149525
s032,False,-127.1690854508854
s032,False,-129.78022420712136
s032,False,-140.3118084977391
s032,False,-133.20798696728252
s032,False,-131.597880489847
s032,False,-135.33265603347363
s032,False,-119.86645289061721
s032,False,-125.70375718492544
s032,False,-137.58346871294393
s032,False,-124.40468880984237
s032,False,-122.1074366611218
s032,False,-130.71078014123876
s032,False,-132.31399532865333
s032,False,-135.2143724976388
s032,False,-139.56334857499138
s032,False,-133.31298826630012
s032,False,-142.898241020827
s032,False,-122.95611793563224
s032,False,-125.28514559845881
s032,False,-123.4607320023764
s032,False,-135.77974205175272
s032,False,-128.6648633937023
s032,False,-126.18469180417537
s032,False,-128.0860042869595
s032,False,-131.04644417674183
s032,False,-134.04408573369358
s032,False,-143.1885656146373
s032,False,-134.23486165720612
s032,False,-119.60305613583755
s032,False,-139.52600486586402
s032,False,-121.15042120937095
s032,False,-116.87476768408294
s032,False,-126.28742690044028
s032,False,-127.66212984295075
s032,False,-119.39314734099088
s032,False,-116.89125254605086
s032,False,-112.69328617394214
s032,False,-123.47417111574029
s032,False,-109.38314440610506
s032,False,-117.80271341417809
s032,False,-140.1002832514485
s032,False,-122.22768355088128
s032,False,-124.20656207122869
s032,False,-116.06935371465373
s032,False,-117.54188593100363
s032,False,-127.8769622487784
s032,False,-120.52026110547916
s032,False,-132.8874861874027
s032,False,-129.2763399209897
s032,False,-119.33545398561097
s032,False,-121.72329217549509
s032,False,-119.70841600726968
s032,False,-125.51300967001043
s032,False,-128.99004477652167
s032,False,-122.54192056684742
s032,False,-107.23495069521
s032,False,-125.15292772781395
s032,False,-120.73910047747027
s032,False,-127.79302434548423
s032,False,-132.31370738914427
s032,False,-131.69609811010938
s032,False,-132.61319289721928
s032,False,-130.88028594457364
s032,False,-122.5452462886714
s032,False,-124.52767324116923
s032,False,-166.0057532211202
s032,False,-130.21462006296986
s032,False,-136.34778096071847
s032,False,-136.75028536553924
s032,False,-127.95907824628705
s032,False,-127.88418333424542
s032,False,-120.90388948006833
s032,False,-120.99104976063114
s032,False,-123.65458277996598
s032,False,-118.18292704838844
s032,False,-137.95059100934694
s032,False,-147.09499550675
s032,False,-136.3549005814051
s032,False,-125.48552869368694
s032,False,-115.69656348423639
s032,False,-108.8275611313159
s032,False,-121.22503637274407
s032,False,-120.84124024961436
s032,False,-116.125317065917
s032,False,-116.98943395834449
s032,False,-116.55348754569994
s032,False,-128.98767513324896
s032,False,-110.34919226760712
s032,False,-112.25008414468556
s032,False,-113.60230068116459
s032,False,-118.37876706627937
s032,False,-107.64324335331115
s032,False,-112.93370496804876
s032,False,-110.19758218919208
s032,False,-115.03104592839
s032,False,-113.4508096428858
s032,False,-114.6925138833614
s032,False,-108.47075389008069
s032,False,-115.20575401586241
s032,False,-118.20288051514993
s032,False,-113.15061321632338
s032,False,-110.33016776112923
s032,False,-112.66781345051083
s032,False,-116.2179762796351
s032,False,-128.14817696303288
s032,False,-115.24818552271583
s032,False,-115.4366210734918
s032,False,-119.43123164991106
s032,False,-122.55697922782304
s032,False,-119.01390080812058
s032,False,-116.21813850084612
s032,False,-119.65518241477244
s032,False,-119.9913858796718
s032,False,-128.50760696806395
s032,False,-127.88882902313131
s032,False,-124.877422168023
s032,False,-118.00188998087357
s032,False,-115.48477162416863
s032,False,-121.10463035653947
s032,False,-116.61456519137758
s032,False,-114.96361466694715
s032,False,-117.74174374411893
s032,False,-120.92406401051707
s032,False,-111.8996137135222
s032,False,-120.01143005413826
s032,False,-109.42419876604319
s032,False,-151.46364631902634
s032,False,-135.11798443722714
s032,False,-120.19062320975733
s032,False,-116.5054327892186
s032,False,-118.6514439363362
s032,False,-126.23784401527467
s032,False,-107.91728533577128
s032,False,-110.970399358641
s032,False,-113.46030665962121
s032,False,-113.21949042832028
s032,False,-126.08013944381725
s032,False,-119.6080222327873
s032,False,-126.29893381117718
s032,False,-117.46927567426322
s032,False,-144.3394391586567
s032,False,-136.97247861733285
s032,False,-126.06121013361351
s032,False,-117.89759691718739
s032,False,-123.80906741710912
s032,False,-117.46357146416695
s032,False,-109.06278807090348
s032,False,-107.62203169432172
s032,False,-120.38038229312579
s032,False,-141.97059998700612
s032,False,-142.41252015061332
s032,False,-150.30596189099342
s032,False,-134.10104934298056
s032,False,-143.90611884933062
s032,False,-124.53091993440063
s032,False,-155.1259468856188
s032,False,-132.10096109292442
s032,False,-136.76905359115565
s032,False,-149.9565617427606
s032,False,-148.15294260743207
s032,False,-130.61272788275068
s032,False,-151.1710399030884
s032,False,-137.08806925420694
s032,False,-147.39399958573708
s032,False,-121.04906311506862
s032,False,-138.6152191858499
s032,False,-136.92549519519108
s032,False,-128.80328511595917
s032,False,-131.14351411647593
s032,False,-129.14649132138305
s032,False,-135.2888860780186
s032,False,-130.51323892161076
s032,False,-134.1096774767387
s032,False,-119.29610897988123
s032,False,-159.11552168538907
s032,False,-123.30858134869952
s032,False,-156.22425035648888
s032,False,-134.65914133027746
s032,False,-145.41606266889067
s032,False,-132.89442422006474
s032,False,-145.65073714631978
s032,False,-134.13170433265896
s032,False,-131.90266631965966
s032,False,-136.0861812672999
s032,False,-129.37801754878782
s032,False,-109.54887517743434
s032,False,-128.87872214825958
s032,False,-121.8010707162887
s032,False,-136.19943354153588
s032,False,-117.01526834830857
s032,False,-118.58613843124034
s032,False,-151.43242032082503
s032,False,-134.63351376716318
s032,False,-112.6323440687021
s032,False,-121.68647079555338
s032,False,-132.12896393465684
s032,False,-122.74146757298324
s032,False,-138.07836205199945
s032,False,-121.79178177806394
s032,False,-130.03424395578762
s032,False,-131.1299911262512
s032,False,-119.03484819030417
s032,False,-130.8138702737904
s032,False,-125.86488001690903
s032,False,-116.64414798808926
s032,False,-133.33182780166928
s032,False,-126.2727794268646
s032,False,-118.44135712719732
s032,False,-122.29377526826869
s032,False,-109.5152603607193
s032,False,-115.44637638237522
s032,False,-117.12441355914235
s032,False,-126.2122833312636
s032,False,-119.30776379038174
s032,False,-119.33946180899228
s032,False,-124.07606782038067
s032,False,-112.76662406770583
s032,False,-110.25691061192359
s032,False,-123.25042244746602
s032,False,-111.99049431318613
s032,False,-133.38350634609114
s032,False,-122.99006341284908
s032,False,-117.3150537692844
s032,False,-114.24843119268976
s032,False,-116.64568362773105
s032,False,-123.39647820321183
s032,False,-142.53053551867671
s032,False,-137.7257396786319
s032,False,-142.29579266186923
s032,False,-153.36146064388976
s032,False,-127.18061535460053
s032,False,-124.43992278266536
s032,False,-134.79747509772707
s032,False,-113.24366422384944
s032,False,-131.56150388951073
s032,False,-140.95539049929118
s032,False,-132.289301441729
s032,False,-132.64562093996958
s032,False,-126.57969375504106
s032,False,-127.27767973425448
s032,False,-134.79683648357107
s032,False,-134.31973835598856
s032,False,-130.74401781943357
s032,False,-146.73039624259525
s032,False,-127.52258009144569
s032,False,-133.72261574041872
s032,False,-130.89622023623608
s032,False,-134.37437531775578
s032,False,-139.66511031708797
s032,False,-133.1478241648333
s032,False,-137.33141368612903
s032,False,-134.1859371633874
s032,False,-125.07741175288507
s032,False,-129.44806445570958
s032,False,-136.46432127606607
s032,False,-135.3235525874375
s032,False,-136.72383473036535
s032,False,-128.29417750706213
s032,False,-137.20381247644616
s032,False,-128.6896198404631
s032,False,-147.19753728787376
s032,False,-128.84064589971732
s032,False,-128.80391363921208
s032,False,-134.86184213438696
s032,False,-137.78992700149465
s032,False,-125.68502873483804
s032,False,-123.3433407739361
s032,False,-129.6912780992474
s032,False,-126.42539648277551
s032,False,-135.05323522603558
s032,False,-131.4628570179994
s032,False,-132.3798462241537
s032,False,-142.35072792415392
s032,False,-134.55494677839434
s032,False,-132.2336887835067
s032,False,-128.83171081923845
s032,False,-190.46693148746158
s032,False,-185.97167602833824
s032,False,-183.66855282248008
s032,False,-165.09761638925056
s032,False,-171.31255591753566
s032,False,-169.46260221679054
s032,False,-173.97965457058933
s032,False,-170.60423968099101
s032,False,-162.3492191560837
s032,False,-167.77459723015494
s032,False,-162.4424023670523
s032,False,-157.99175587804132
s032,False,-155.11822768351158
s032,False,-161.7184936213887
s032,False,-155.54502049830637
s032,False,-162.82982729444487
s032,False,-152.7710217334247
s032,False,-152.85173335084525
s032,False,-150.10159474592515
s032,False,-164.13780244502664
s032,False,-152.87517233129142
s032,False,-142.86521031841494
s032,False,-157.4135291639878
s032,False,-153.8423957811043
s032,False,-156.65655901225495
s032,False,-155.91126493232144
s032,False,-169.30199353498227
s032,False,-154.3845414371315
s032,False,-159.0028252888005
s032,False,-178.07905555502737
s032,False,-158.09833364090622
s032,False,-174.9832008997181
s032,False,-161.49268743837132
s032,False,-167.62737209484868
s032,False,-152.86696685888046
s032,False,-164.00935585524311
s032,False,-157.38597115049117
s032,False,-170.76571785674057
s032,False,-169.04062483687898
s032,False,-158.09341093437789
s032,False,-168.947499154879
s032,False,-154.0183929118381
s032,False,-170.98723315659535
s032,False,-169.0062415535907
s032,False,-165.0981610576397
s032,False,-155.72046183695394
s032,False,-153.77561065461225
s032,False,-159.9276714209764
s032,False,-175.05773884453893
s032,False,-159.70748270057638
s032,False,-105.5533741638722
s032,False,-103.83800233642839
s032,False,-107.167909460647
s032,False,-122.15381497203059
s032,False,-109.19518638670253
s032,False,-105.14078351866182
s032,False,-110.58682054511486
s032,False,-115.1705968129812
s032,False,-107.2153648770319
s032,False,-108.48829993676162
s032,False,-111.64346512624522
s032,False,-110.39857150768445
s032,False,-114.83459589904889
s032,False,-124.97916550710265
s032,False,-118.24593124469249
s032,False,-119.80302397811667
s032,False,-111.01824529880298
s032,False,-106.7103721061321
s032,False,-108.98457104350237
s032,False,-116.81126756889196
s032,False,-120.90334538658352
s032,False,-111.31580079849967
s032,False,-105.71755681428054
s032,False,-108.31635361426302
s032,False,-112.53307349538245
s032,False,-111.46959342995913
s032,False,-113.12324187985206
s032,False,-111.75929040827275
s032,False,-119.25642529291116
s032,False,-115.18210157641059
s032,False,-124.35543476863195
s032,False,-117.82880302907847
s032,False,-110.18276934983545
s032,False,-122.04189633060606
s032,False,-112.6454906132284
s032,False,-110.7253155425386
s032,False,-108.83360438365425
s032,False,-110.97104879052856
s032,False,-114.28888029035836
s032,False,-121.7597688910385
s032,False,-116.94306355694026
s032,False,-115.53383888833736
s032,False,-111.05938550186066
s032,False,-123.20859401579068
s032,False,-113.25524713543815
s032,False,-116.84003583550714
s032,False,-123.97581195514923
s032,False,-110.00870494564701
s032,False,-116.71630072390165
s032,False,-127.65293829807209
s032,False,-116.80730508226999
s032,False,-109.59251928947066
s032,False,-104.7825952959323
s032,False,-108.03067687066059
s032,False,-102.3718292334402
s032,False,-116.16561718640357
s032,False,-107.3294353800679
s032,False,-105.1644452110256
s032,False,-115.24955262555258
s032,False,-106.46676468169662
s032,False,-103.65434357913878
s032,False,-104.71108250812985
s032,False,-105.25691379615897
s032,False,-107.71056399244816
s032,False,-112.49723656562347
s032,False,-109.95431047641378
s032,False,-111.72291476941606
s032,False,-107.68744010657112
s032,False,-111.00860588292058
s032,False,-107.08567552975977
s032,False,-105.08335778897357
s032,False,-109.39390492389647
s032,False,-108.79936473856199
s032,False,-109.09102181462373
s032,False,-106.83940426028995
s032,False,-104.93956328162592
s032,False,-102.29740978593205
s032,False,-104.56651269890124
s032,False,-107.68454772526634
s032,False,-107.18777943735489
s032,False,-111.36678115642584
s032,False,-105.78372834370244
s032,False,-114.98001303642509
s032,False,-105.79686715805987
s032,False,-110.07033030875135
s032,False,-100.15855293369002
s032,False,-106.43549014933865
s032,False,-102.38541824971014
s032,False,-101.72680038931207
s032,False,-106.69972140962813
s032,False,-106.93489457423418
s032,False,-101.72199986171718
s032,False,-103.77136324405436
s032,False,-107.47457458336626
s032,False,-103.60082462596564
s032,False,-104.80660436332431
s032,False,-108.75251215451013
s032,False,-110.51967486873738
s032,False,-104.2400123407348
s032,False,-117.63426489913128
s032,False,-113.12938408998036
s032,False,-122.25648807055612
s032,False,-130.81901528695326
s032,False,-111.89795622630803
s032,False,-112.65122021820108
s032,False,-108.34192804979628
s032,False,-107.94765821634675
s032,False,-121.42637466245841
s032,False,-106.06521541744178
s032,False,-113.3726669019161
s032,False,-113.39765535901392
s032,False,-108.64711046049074
s032,False,-116.4807669997534
s032,False,-112.4884276174203
s032,False,-112.4047715529808
s032,False,-142.08365072234213
s032,False,-115.1138063667332
s032,False,-115.02742813606909
s032,False,-111.30931450435294
s032,False,-115.5234357469169
s032,False,-110.52541132878942
s032,False,-114.57125380902936
s032,False,-106.7935570391228
s032,False,-107.59470531072901
s032,False,-115.85570744584638
s032,False,-117.55275994609558
s032,False,-112.72588876191098
s032,False,-110.43954497608226
s032,False,-110.79350888562261
s032,False,-103.97557176244263
s032,False,-108.73400013748407
s032,False,-112.13867553425733
s032,False,-104.13905383071335
s032,False,-107.16111304838518
s032,False,-119.956803033205
s032,False,-109.26359016334327
s032,False,-106.51857953501053
s032,False,-108.75600574738814
s032,False,-123.66553695261109
s032,False,-111.51043626976781
s032,False,-114.51880179681838
s032,False,-109.3854867094673
s032,False,-107.85256001136933
s032,False,-107.82880861478787
s032,False,-113.89542445186852
s032,False,-115.11834800555005
s032,False,-115.1508917306125
s032,False,-116.49560661359179
s032,False,-111.71807744381367
s032,False,-115.16479447949268
s032,False,-112.03149107179992
s032,False,-121.85690264788005
s032,False,-118.76799716463343
s032,False,-108.95463026550722
s032,False,-112.04374561109223
s032,False,-112.53675051642556
s032,False,-110.5700028478966
s032,False,-103.4857804732324
s032,False,-103.81399519081104
s032,False,-103.88660746256505
s032,False,-105.86772856441605
s032,False,-113.33648685236572
s032,False,-113.854090661257
s032,False,-107.47688269996335
s032,False,-111.53795645274165
s032,False,-109.29879506149693
s032,False,-110.37524292264047
s032,False,-108.08340010917011
s032,False,-106.0613981588818
s032,False,-118.56902235669668
s032,False,-114.51095411895427
s032,False,-122.8111851450367
s032,False,-106.95051455444288
s032,False,-108.38995025062748
s032,False,-119.08056773669696
s032,False,-108.4799097161141
s032,False,-103.42367042187412
s032,False,-111.25276360966002
s032,False,-108.10100375856597
s032,False,-110.36693193326855
s032,False,-111.46721156992993
s032,False,-116.4213801678256
s032,False,-109.92125441250289
s032,False,-108.8113606470767
s032,False,-113.16401227955389
s032,False,-119.91029265782348
s032,False,-110.48685977019217
s032,False,-107.69649840982494
s032,False,-106.27786544430732
s032,False,-114.48466946882695
s032,False,-110.34541835616119
s032,False,-106.41948808918187
s032,False,-113.4154068377504
s032,False,-123.81221734311315
s032,False,-105.62152328870498
s032,False,-112.77548633022678
s032,False,-111.78400547602976
s032,False,-111.4391124439931
s032,False,-110.42820582570803
s032,False,-106.23620648390671
s032,False,-136.3311551213002
s032,False,-136.33149790652956
s032,False,-148.91107052860337
s032,False,-120.29869858724476
s032,False,-132.80287653970296
s032,False,-127.69331444330152
s032,False,-120.12365078481085
s032,False,-143.85058166258386
s032,False,-122.28993495205458
s032,False,-137.20809823815742
s032,False,-118.40769153517581
s032,False,-140.17247362718868
s032,False,-120.3453491162205
s032,False,-126.52099890823732
s032,False,-125.5644493387245
s032,False,-137.49601578092654
s032,False,-118.90958569493549
s032,False,-124.48494031595983
s032,False,-135.92313503645244
s032,False,-127.25112054696501
s032,False,-137.75759326179545
s032,False,-126.06912601518412
s032,False,-129.89574112180196
s032,False,-115.87207666844414
s032,False,-127.26585084094451
s032,False,-124.96671323846225
s032,False,-127.6105661879601
s032,False,-117.68393739095622
s032,False,-121.8365899788897
s032,False,-120.52287576161689
s032,False,-138.46398353388818
s032,False,-121.6426740706804
s032,False,-116.17279580637216
s032,False,-124.97735176624614
s032,False,-126.28395091494838
s032,False,-114.74649633705049
s032,False,-123.3566247546806
s032,False,-117.67884146834075
s032,False,-116.61622590395204
s032,False,-123.10559030733559
s032,False,-126.29038919872497
s032,False,-120.0138884194137
s032,False,-114.85765592178296
s032,False,-118.62582624261243
s032,False,-129.6373682722136
s032,False,-118.15619731361272
s032,False,-113.35618223179989
s032,False,-138.69291567578605
s032,False,-121.40537900344087
s032,False,-117.76848581636354
